alpha,cl,cd,cm,source
-180.000000,0.000000,0.020000,-0.023700,3
-179.500000,0.008067,0.113557,-0.023700,3
-179.000000,0.016131,0.113846,-0.023700,3
-178.500000,0.024190,0.114327,-0.023700,3
-178.000000,0.032242,0.115000,-0.023700,3
-177.500000,0.040284,0.115865,-0.023700,3
-177.000000,0.048314,0.116922,-0.023700,3
-176.500000,0.056329,0.118171,-0.023700,3
-176.000000,0.064327,0.119610,-0.023700,3
-175.500000,0.072306,0.121240,-0.023700,3
-175.000000,0.080262,0.123060,-0.023700,3
-174.500000,0.088194,0.125070,-0.023700,3
-174.000000,0.096099,0.127268,-0.023700,3
-173.500000,0.103975,0.129655,-0.023700,3
-173.000000,0.111819,0.132229,-0.023700,3
-172.500000,0.119629,0.134989,-0.023700,3
-172.000000,0.127402,0.137935,-0.023700,3
-171.500000,0.135137,0.141066,-0.023700,3
-171.000000,0.142831,0.144381,-0.023700,3
-170.500000,0.150481,0.147879,-0.023700,3
-170.000000,0.158085,0.151558,-0.023700,3
-169.500000,0.165641,0.155418,-0.023700,3
-169.000000,0.173147,0.159457,-0.023700,3
-168.500000,0.180600,0.163673,-0.023700,3
-168.000000,0.187998,0.168067,-0.023700,3
-167.500000,0.195338,0.172636,-0.023700,3
-167.000000,0.202620,0.177379,-0.023700,3
-166.500000,0.209839,0.182294,-0.023700,3
-166.000000,0.216994,0.187380,-0.023700,3
-165.500000,0.224084,0.192635,-0.023700,3
-165.000000,0.231105,0.198058,-0.023700,3
-164.500000,0.238056,0.203647,-0.023700,3
-164.000000,0.244934,0.209399,-0.023700,3
-163.500000,0.251738,0.215314,-0.023700,3
-163.000000,0.258465,0.221389,-0.023700,3
-162.500000,0.265113,0.227623,-0.023700,3
-162.000000,0.271680,0.234014,-0.023700,3
-161.500000,0.278165,0.240558,-0.023700,3
-161.000000,0.284565,0.247256,-0.023700,3
-160.500000,0.290878,0.254103,-0.023700,3
-160.000000,0.297103,0.261099,-0.023700,3
-159.500000,0.303237,0.268241,-0.023700,3
-159.000000,0.309279,0.275526,-0.023700,3
-158.500000,0.315226,0.282953,-0.023700,3
-158.000000,0.321078,0.290519,-0.023700,3
-157.500000,0.326832,0.298221,-0.023700,3
-157.000000,0.332486,0.306058,-0.023700,3
-156.500000,0.338039,0.314027,-0.023700,3
-156.000000,0.343489,0.322124,-0.023700,3
-155.500000,0.348834,0.330349,-0.023700,3
-155.000000,0.354073,0.338698,-0.023700,3
-154.500000,0.359205,0.347168,-0.023700,3
-154.000000,0.364226,0.355756,-0.023700,3
-153.500000,0.369137,0.364461,-0.023700,3
-153.000000,0.373936,0.373280,-0.023700,3
-152.500000,0.378620,0.382208,-0.023700,3
-152.000000,0.383189,0.391245,-0.023700,3
-151.500000,0.387642,0.400386,-0.023700,3
-151.000000,0.391976,0.409629,-0.023700,3
-150.500000,0.396191,0.418971,-0.023700,3
-150.000000,0.400286,0.428410,-0.023700,3
-149.500000,0.404258,0.437941,-0.023700,3
-149.000000,0.408107,0.447563,-0.023700,3
-148.500000,0.411832,0.457271,-0.023700,3
-148.000000,0.415432,0.467064,-0.023700,3
-147.500000,0.418905,0.476937,-0.023700,3
-147.000000,0.422250,0.486888,-0.023700,3
-146.500000,0.425467,0.496913,-0.023700,3
-146.000000,0.428554,0.507010,-0.023700,3
-145.500000,0.431510,0.517175,-0.023700,3
-145.000000,0.434335,0.527406,-0.023700,3
-144.500000,0.437028,0.537697,-0.023700,3
-144.000000,0.439588,0.548048,-0.023700,3
-143.500000,0.442014,0.558453,-0.023700,3
-143.000000,0.444305,0.568910,-0.023700,3
-142.500000,0.446461,0.579416,-0.023700,3
-142.000000,0.448480,0.589967,-0.023700,3
-141.500000,0.450364,0.600560,-0.023700,3
-141.000000,0.452110,0.611191,-0.023700,3
-140.500000,0.453718,0.621858,-0.023700,3
-140.000000,0.455188,0.632556,-0.023700,3
-139.500000,0.456519,0.643282,-0.023700,3
-139.000000,0.457712,0.654034,-0.023700,3
-138.500000,0.458765,0.664807,-0.023700,3
-138.000000,0.459678,0.675598,-0.023700,3
-137.500000,0.460451,0.686403,-0.023700,3
-137.000000,0.461084,0.697220,-0.023700,3
-136.500000,0.461577,0.708044,-0.023700,3
-136.000000,0.461928,0.718873,-0.023700,3
-135.500000,0.462140,0.729702,-0.023700,3
-135.000000,0.462210,0.740529,-0.023700,3
-134.500000,0.462140,0.751349,-0.023700,3
-134.000000,0.461928,0.762160,-0.023700,3
-133.500000,0.461577,0.772959,-0.023700,3
-133.000000,0.461084,0.783740,-0.023700,3
-132.500000,0.460451,0.794502,-0.023700,3
-132.000000,0.459678,0.805240,-0.023700,3
-131.500000,0.458765,0.815952,-0.023700,3
-131.000000,0.457712,0.826633,-0.023700,3
-130.500000,0.456519,0.837280,-0.023700,3
-130.000000,0.455188,0.847891,-0.023700,3
-129.500000,0.453718,0.858461,-0.023700,3
-129.000000,0.452110,0.868987,-0.023700,3
-128.500000,0.450364,0.879466,-0.023700,3
-128.000000,0.448480,0.889894,-0.023700,3
-127.500000,0.446461,0.900269,-0.023700,3
-127.000000,0.444305,0.910586,-0.023700,3
-126.500000,0.442014,0.920842,-0.023700,3
-126.000000,0.439588,0.931034,-0.023700,3
-125.500000,0.437028,0.941160,-0.023700,3
-125.000000,0.434335,0.951214,-0.023700,3
-124.500000,0.431510,0.961195,-0.023700,3
-124.000000,0.428554,0.971099,-0.023700,3
-123.500000,0.425467,0.980923,-0.023700,3
-123.000000,0.422250,0.990663,-0.023700,3
-122.500000,0.418905,1.000317,-0.023700,3
-122.000000,0.415432,1.009881,-0.023700,3
-121.500000,0.411832,1.019353,-0.023700,3
-121.000000,0.408107,1.028729,-0.023700,3
-120.500000,0.404258,1.038005,-0.023700,3
-120.000000,0.400286,1.047180,-0.023700,3
-119.500000,0.396191,1.056250,-0.023700,3
-119.000000,0.391976,1.065212,-0.023700,3
-118.500000,0.387642,1.074064,-0.023700,3
-118.000000,0.383189,1.082802,-0.023700,3
-117.500000,0.378620,1.091423,-0.023700,3
-117.000000,0.373936,1.099925,-0.023700,3
-116.500000,0.369137,1.108304,-0.023700,3
-116.000000,0.364226,1.116559,-0.023700,3
-115.500000,0.359205,1.124686,-0.023700,3
-115.000000,0.354073,1.132683,-0.023700,3
-114.500000,0.348834,1.140547,-0.023700,3
-114.000000,0.343489,1.148276,-0.023700,3
-113.500000,0.338039,1.155866,-0.023700,3
-113.000000,0.332486,1.163316,-0.023700,3
-112.500000,0.326832,1.170622,-0.023700,3
-112.000000,0.321078,1.177783,-0.023700,3
-111.500000,0.315226,1.184796,-0.023700,3
-111.000000,0.309279,1.191659,-0.023700,3
-110.500000,0.303237,1.198369,-0.023700,3
-110.000000,0.297103,1.204925,-0.023700,3
-109.500000,0.290878,1.211323,-0.023700,3
-109.000000,0.284565,1.217563,-0.023700,3
-108.500000,0.278165,1.223641,-0.023700,3
-108.000000,0.271680,1.229555,-0.023700,3
-107.500000,0.265113,1.235304,-0.023700,3
-107.000000,0.258465,1.240886,-0.023700,3
-106.500000,0.251738,1.246299,-0.023700,3
-106.000000,0.244934,1.251540,-0.023700,3
-105.500000,0.238056,1.256609,-0.023700,3
-105.000000,0.231105,1.261502,-0.023700,3
-104.500000,0.224084,1.266220,-0.023700,3
-104.000000,0.216994,1.270759,-0.023700,3
-103.500000,0.209839,1.275118,-0.023700,3
-103.000000,0.202620,1.279297,-0.023700,3
-102.500000,0.195338,1.283292,-0.023700,3
-102.000000,0.187998,1.287104,-0.023700,3
-101.500000,0.180600,1.290730,-0.023700,3
-101.000000,0.173147,1.294169,-0.023700,3
-100.500000,0.165641,1.297420,-0.023700,3
-100.000000,0.158085,1.300481,-0.023700,3
-99.500000,0.150481,1.303352,-0.023700,3
-99.000000,0.142831,1.306032,-0.023700,3
-98.500000,0.135137,1.308519,-0.023700,3
-98.000000,0.127402,1.310812,-0.023700,3
-97.500000,0.119629,1.312910,-0.023700,3
-97.000000,0.111819,1.314814,-0.023700,3
-96.500000,0.103975,1.316521,-0.023700,3
-96.000000,0.096099,1.318031,-0.023700,3
-95.500000,0.088194,1.319343,-0.023700,3
-95.000000,0.080262,1.320457,-0.023700,3
-94.500000,0.072306,1.321373,-0.023700,3
-94.000000,0.064327,1.322089,-0.023700,3
-93.500000,0.056329,1.322605,-0.023700,3
-93.000000,0.048314,1.322921,-0.023700,3
-92.500000,0.040284,1.323036,-0.023700,3
-92.000000,0.032242,1.322951,-0.023700,3
-91.500000,0.024190,1.322665,-0.023700,3
-91.000000,0.016131,1.322178,-0.023700,3
-90.500000,0.008067,1.321490,-0.023700,3
-90.000000,-0.000000,1.320600,-0.023700,3
-89.500000,-0.008077,1.321490,-0.023700,3
-89.000000,-0.016174,1.322178,-0.023700,3
-88.500000,-0.024286,1.322665,-0.023700,3
-88.000000,-0.032413,1.322951,-0.023700,3
-87.500000,-0.040552,1.323036,-0.023700,3
-87.000000,-0.048699,1.322921,-0.023700,3
-86.500000,-0.056853,1.322605,-0.023700,3
-86.000000,-0.065012,1.322089,-0.023700,3
-85.500000,-0.073172,1.321373,-0.023700,3
-85.000000,-0.081332,1.320457,-0.023700,3
-84.500000,-0.089489,1.319343,-0.023700,3
-84.000000,-0.097641,1.318031,-0.023700,3
-83.500000,-0.105785,1.316521,-0.023700,3
-83.000000,-0.113919,1.314814,-0.023700,3
-82.500000,-0.122040,1.312910,-0.023700,3
-82.000000,-0.130147,1.310812,-0.023700,3
-81.500000,-0.138237,1.308519,-0.023700,3
-81.000000,-0.146308,1.306032,-0.023700,3
-80.500000,-0.154357,1.303352,-0.023700,3
-80.000000,-0.162382,1.300481,-0.023700,3
-79.500000,-0.170381,1.297420,-0.023700,3
-79.000000,-0.178352,1.294169,-0.023700,3
-78.500000,-0.186292,1.290730,-0.023700,3
-78.000000,-0.194200,1.287104,-0.023700,3
-77.500000,-0.202072,1.283292,-0.023700,3
-77.000000,-0.209908,1.279297,-0.023700,3
-76.500000,-0.217704,1.275118,-0.023700,3
-76.000000,-0.225459,1.270759,-0.023700,3
-75.500000,-0.233171,1.266220,-0.023700,3
-75.000000,-0.240837,1.261502,-0.023700,3
-74.500000,-0.248456,1.256609,-0.023700,3
-74.000000,-0.256026,1.251540,-0.023700,3
-73.500000,-0.263544,1.246299,-0.023700,3
-73.000000,-0.271009,1.240886,-0.023700,3
-72.500000,-0.278418,1.235304,-0.023700,3
-72.000000,-0.285771,1.229555,-0.023700,3
-71.500000,-0.293064,1.223641,-0.023700,3
-71.000000,-0.300297,1.217563,-0.023700,3
-70.500000,-0.307467,1.211323,-0.023700,3
-70.000000,-0.314573,1.204925,-0.023700,3
-69.500000,-0.321612,1.198369,-0.023700,3
-69.000000,-0.328584,1.191659,-0.023700,3
-68.500000,-0.335487,1.184796,-0.023700,3
-68.000000,-0.342318,1.177783,-0.023700,3
-67.500000,-0.349077,1.170622,-0.023700,3
-67.000000,-0.355762,1.163316,-0.023700,3
-66.500000,-0.362371,1.155866,-0.023700,3
-66.000000,-0.368903,1.148276,-0.023700,3
-65.500000,-0.375356,1.140547,-0.023700,3
-65.000000,-0.381730,1.132683,-0.023700,3
-64.500000,-0.388022,1.124686,-0.023700,3
-64.000000,-0.394232,1.116559,-0.023700,3
-63.500000,-0.400357,1.108304,-0.023700,3
-63.000000,-0.406398,1.099925,-0.023700,3
-62.500000,-0.412353,1.091423,-0.023700,3
-62.000000,-0.418221,1.082802,-0.023700,3
-61.500000,-0.424000,1.074064,-0.023700,3
-61.000000,-0.429690,1.065212,-0.023700,3
-60.500000,-0.435289,1.056250,-0.023700,3
-60.000000,-0.440797,1.047180,-0.023700,3
-59.500000,-0.446213,1.038005,-0.023700,3
-59.000000,-0.451537,1.028729,-0.023700,3
-58.500000,-0.456766,1.019353,-0.023700,3
-58.000000,-0.461901,1.009881,-0.023700,3
-57.500000,-0.466941,1.000317,-0.023700,3
-57.000000,-0.471886,0.990663,-0.023700,3
-56.500000,-0.476734,0.980923,-0.023700,3
-56.000000,-0.481486,0.971099,-0.023700,3
-55.500000,-0.486140,0.961195,-0.023700,3
-55.000000,-0.490698,0.951214,-0.023700,3
-54.500000,-0.495157,0.941160,-0.023700,3
-54.000000,-0.499519,0.931034,-0.023700,3
-53.500000,-0.503782,0.920842,-0.023700,3
-53.000000,-0.507947,0.910586,-0.023700,3
-52.500000,-0.512014,0.900269,-0.023700,3
-52.000000,-0.515983,0.889894,-0.023700,3
-51.500000,-0.519854,0.879466,-0.023700,3
-51.000000,-0.523627,0.868987,-0.023700,3
-50.500000,-0.527302,0.858461,-0.023700,3
-50.000000,-0.530880,0.847891,-0.023700,3
-49.500000,-0.534361,0.837280,-0.023700,3
-49.000000,-0.537746,0.826633,-0.023700,3
-48.500000,-0.541035,0.815952,-0.023700,3
-48.000000,-0.544229,0.805240,-0.023700,3
-47.500000,-0.547329,0.794502,-0.023700,3
-47.000000,-0.550334,0.783740,-0.023700,3
-46.500000,-0.553248,0.772959,-0.023700,3
-46.000000,-0.556070,0.762160,-0.023700,3
-45.500000,-0.558801,0.751349,-0.023700,3
-45.000000,-0.561443,0.740529,-0.023700,3
-44.500000,-0.563997,0.729702,-0.023700,3
-44.000000,-0.566465,0.718873,-0.023700,3
-43.500000,-0.568848,0.708044,-0.023700,3
-43.000000,-0.571147,0.697220,-0.023700,3
-42.500000,-0.573366,0.686403,-0.023700,3
-42.000000,-0.575504,0.675598,-0.023700,3
-41.500000,-0.577565,0.664807,-0.023700,3
-41.000000,-0.579551,0.654034,-0.023700,3
-40.500000,-0.581464,0.643282,-0.023700,3
-40.000000,-0.583306,0.632556,-0.023700,3
-39.500000,-0.585081,0.621858,-0.023700,3
-39.000000,-0.586790,0.611191,-0.023700,3
-38.500000,-0.588437,0.600560,-0.023700,3
-38.000000,-0.590025,0.589967,-0.023700,3
-37.500000,-0.591557,0.579416,-0.023700,3
-37.000000,-0.593037,0.568910,-0.023700,3
-36.500000,-0.594468,0.558453,-0.023700,3
-36.000000,-0.595855,0.548048,-0.023700,3
-35.500000,-0.597201,0.537697,-0.023700,3
-35.000000,-0.598511,0.527406,-0.023700,3
-34.500000,-0.599789,0.517175,-0.023700,3
-34.000000,-0.601041,0.507010,-0.023700,3
-33.500000,-0.602272,0.496913,-0.023700,3
-33.000000,-0.603486,0.486888,-0.023700,3
-32.500000,-0.604690,0.476937,-0.023700,3
-32.000000,-0.605891,0.467064,-0.023700,3
-31.500000,-0.607094,0.457271,-0.023700,3
-31.000000,-0.608307,0.447563,-0.023700,3
-30.500000,-0.609536,0.437941,-0.023700,3
-30.000000,-0.610791,0.428410,-0.023700,3
-29.500000,-0.612078,0.418971,-0.023700,3
-29.000000,-0.613407,0.409629,-0.023700,3
-28.500000,-0.614788,0.400386,-0.023700,3
-28.000000,-0.616230,0.391245,-0.023700,3
-27.500000,-0.617744,0.382208,-0.023700,3
-27.000000,-0.619342,0.373280,-0.023700,3
-26.500000,-0.621036,0.364461,-0.023700,3
-26.000000,-0.622839,0.355756,-0.023700,3
-25.500000,-0.624765,0.347168,-0.023700,3
-25.000000,-0.626829,0.338698,-0.023700,3
-24.500000,-0.629048,0.330349,-0.023700,3
-24.000000,-0.631440,0.322124,-0.023700,3
-23.500000,-0.634022,0.314027,-0.023700,3
-23.000000,-0.636816,0.306058,-0.023700,3
-22.500000,-0.639845,0.298221,-0.023700,3
-22.000000,-0.643131,0.290519,-0.023700,3
-21.500000,-0.646702,0.282953,-0.023700,3
-21.000000,-0.650586,0.275526,-0.023700,3
-20.500000,-0.654814,0.268241,-0.023700,3
-20.000000,-0.659422,0.261099,-0.023700,3
-19.500000,-0.664446,0.254103,-0.023700,3
-19.000000,-0.669927,0.247256,-0.023700,3
-18.500000,-0.675913,0.240558,-0.023700,3
-18.000000,-0.682453,0.234014,-0.023700,3
-17.500000,-0.666010,0.228377,-0.023700,3
-17.000000,-0.649567,0.222741,-0.023700,3
-16.500000,-0.633125,0.217105,-0.023700,3
-16.000000,-0.616682,0.211469,-0.023700,3
-15.500000,-0.600240,0.205833,-0.023700,3
-15.000000,-0.583797,0.200196,-0.023700,3
-14.500000,-0.567354,0.194560,-0.023700,3
-14.000000,-0.550912,0.188924,-0.023700,3
-13.500000,-0.534469,0.183288,-0.023700,3
-13.000000,-0.518026,0.177652,-0.023700,3
-12.500000,-0.501584,0.172016,-0.023700,3
-12.000000,-0.485141,0.166379,-0.023700,3
-11.500000,-0.468698,0.160743,-0.023700,3
-11.000000,-0.452256,0.155107,-0.023700,3
-10.500000,-0.435813,0.149471,-0.023700,3
-10.000000,-0.419371,0.143835,-0.023700,3
-9.500000,-0.402928,0.138199,-0.023700,3
-9.000000,-0.386485,0.132562,-0.023700,3
-8.500000,-0.370043,0.126926,-0.023700,3
-8.000000,-0.353600,0.121290,-0.023700,0
-7.500000,-0.390800,0.120860,-0.021800,0
-7.000000,-0.372800,0.113330,-0.017600,0
-6.500000,-0.394400,0.110650,-0.014100,0
-6.000000,-0.425400,0.108560,-0.017400,0
-5.500000,-0.420100,0.102350,-0.011700,0
-5.000000,-0.417767,0.096830,-0.012283,2
-4.500000,-0.410100,0.091140,-0.017000,0
-4.000000,-0.388800,0.084420,-0.023700,0
-3.500000,-0.357800,0.077830,-0.030500,0
-3.000000,-0.260700,0.068630,-0.053400,0
-2.500000,-0.176400,0.062200,-0.065300,1
-2.000000,-0.029767,0.050602,-0.089667,2
-1.500000,0.118800,0.040220,-0.112300,0
-1.000000,0.208900,0.037440,-0.119000,0
-0.500000,0.280700,0.036030,-0.122200,0
0.000000,0.359000,0.034780,-0.126800,0
0.500000,0.414400,0.032970,-0.125700,0
1.000000,0.485300,0.034040,-0.129100,0
1.500000,0.545800,0.035100,-0.130800,0
2.000000,0.607300,0.036100,-0.132500,0
2.500000,0.673246,0.036711,-0.134334,2
3.000000,0.743214,0.037114,-0.136440,2
3.500000,0.813200,0.037270,-0.138200,0
4.000000,0.879200,0.037140,-0.139000,0
4.500000,0.949900,0.036300,-0.139700,0
5.000000,1.024900,0.034670,-0.140300,0
5.500000,1.111500,0.031850,-0.141600,0
6.000000,1.214500,0.028080,-0.145100,0
6.500000,1.292500,0.025700,-0.145400,0
7.000000,1.355700,0.024380,-0.143900,0
7.500000,1.397400,0.024390,-0.139600,0
8.000000,1.425300,0.025360,-0.133600,0
8.500000,1.441100,0.027180,-0.126300,0
9.000000,1.453800,0.029690,-0.119300,0
9.500000,1.470000,0.032570,-0.113500,0
10.000000,1.493300,0.035630,-0.109200,0
10.500000,1.520000,0.038840,-0.105500,0
11.000000,1.558100,0.042230,-0.103600,0
11.500000,1.590200,0.045950,-0.101000,0
12.000000,1.629500,0.050000,-0.099600,0
12.500000,1.644800,0.054590,-0.095200,0
13.000000,1.657400,0.059630,-0.091000,0
13.500000,1.659900,0.065310,-0.086300,0
14.000000,1.663800,0.071320,-0.082500,0
14.500000,1.615900,0.079780,-0.076300,0
15.000000,1.565200,0.089980,-0.073300,0
15.500000,1.497900,0.103510,-0.074500,0
16.000000,1.420300,0.121670,-0.082300,0
16.500000,1.327675,0.143485,-0.094900,2
17.000000,1.223569,0.169686,-0.113650,2
17.500000,1.105323,0.199725,-0.137537,2
18.000000,0.974932,0.234014,-0.167322,2
18.500000,0.965590,0.240558,-0.167322,3
19.000000,0.957039,0.247256,-0.167322,3
19.500000,0.949208,0.254103,-0.167322,3
20.000000,0.942031,0.261099,-0.167322,3
20.500000,0.935449,0.268241,-0.167322,3
21.000000,0.929409,0.275526,-0.167322,3
21.500000,0.923860,0.282953,-0.167322,3
22.000000,0.918759,0.290519,-0.167322,3
22.500000,0.914064,0.298221,-0.167322,3
23.000000,0.909738,0.306058,-0.167322,3
23.500000,0.905746,0.314027,-0.167322,3
24.000000,0.902057,0.322124,-0.167322,3
24.500000,0.898641,0.330349,-0.167322,3
25.000000,0.895470,0.338698,-0.167322,3
25.500000,0.892521,0.347168,-0.167322,3
26.000000,0.889770,0.355756,-0.167322,3
26.500000,0.887194,0.364461,-0.167322,3
27.000000,0.884775,0.373280,-0.167322,3
27.500000,0.882492,0.382208,-0.167322,3
28.000000,0.880329,0.391245,-0.167322,3
28.500000,0.878269,0.400386,-0.167322,3
29.000000,0.876296,0.409629,-0.167322,3
29.500000,0.874397,0.418971,-0.167322,3
30.000000,0.872558,0.428410,-0.167322,3
30.500000,0.870766,0.437941,-0.167322,3
31.000000,0.869010,0.447563,-0.167322,3
31.500000,0.867277,0.457271,-0.167322,3
32.000000,0.865558,0.467064,-0.167322,3
32.500000,0.863844,0.476937,-0.167322,3
33.000000,0.862123,0.486888,-0.167322,3
33.500000,0.860388,0.496913,-0.167322,3
34.000000,0.858630,0.507010,-0.167322,3
34.500000,0.856842,0.517175,-0.167322,3
35.000000,0.855016,0.527406,-0.167322,3
35.500000,0.853144,0.537697,-0.167322,3
36.000000,0.851221,0.548048,-0.167322,3
36.500000,0.849240,0.558453,-0.167322,3
37.000000,0.847196,0.568910,-0.167322,3
37.500000,0.845082,0.579416,-0.167322,3
38.000000,0.842893,0.589967,-0.167322,3
38.500000,0.840624,0.600560,-0.167322,3
39.000000,0.838271,0.611191,-0.167322,3
39.500000,0.835830,0.621858,-0.167322,3
40.000000,0.833295,0.632556,-0.167322,3
40.500000,0.830663,0.643282,-0.167322,3
41.000000,0.827930,0.654034,-0.167322,3
41.500000,0.825093,0.664807,-0.167322,3
42.000000,0.822149,0.675598,-0.167322,3
42.500000,0.819094,0.686403,-0.167322,3
43.000000,0.815925,0.697220,-0.167322,3
43.500000,0.812640,0.708044,-0.167322,3
44.000000,0.809236,0.718873,-0.167322,3
44.500000,0.805710,0.729702,-0.167322,3
45.000000,0.802061,0.740529,-0.167322,3
45.500000,0.798287,0.751349,-0.167322,3
46.000000,0.794385,0.762160,-0.167322,3
46.500000,0.790354,0.772959,-0.167322,3
47.000000,0.786192,0.783740,-0.167322,3
47.500000,0.781898,0.794502,-0.167322,3
48.000000,0.777470,0.805240,-0.167322,3
48.500000,0.772907,0.815952,-0.167322,3
49.000000,0.768209,0.826633,-0.167322,3
49.500000,0.763374,0.837280,-0.167322,3
50.000000,0.758401,0.847891,-0.167322,3
50.500000,0.753289,0.858461,-0.167322,3
51.000000,0.748039,0.868987,-0.167322,3
51.500000,0.742649,0.879466,-0.167322,3
52.000000,0.737119,0.889894,-0.167322,3
52.500000,0.731449,0.900269,-0.167322,3
53.000000,0.725639,0.910586,-0.167322,3
53.500000,0.719689,0.920842,-0.167322,3
54.000000,0.713598,0.931034,-0.167322,3
54.500000,0.707367,0.941160,-0.167322,3
55.000000,0.700997,0.951214,-0.167322,3
55.500000,0.694486,0.961195,-0.167322,3
56.000000,0.687837,0.971099,-0.167322,3
56.500000,0.681049,0.980923,-0.167322,3
57.000000,0.674123,0.990663,-0.167322,3
57.500000,0.667059,1.000317,-0.167322,3
58.000000,0.659859,1.009881,-0.167322,3
58.500000,0.652523,1.019353,-0.167322,3
59.000000,0.645052,1.028729,-0.167322,3
59.500000,0.637448,1.038005,-0.167322,3
60.000000,0.629710,1.047180,-0.167322,3
60.500000,0.621842,1.056250,-0.167322,3
61.000000,0.613842,1.065212,-0.167322,3
61.500000,0.605714,1.074064,-0.167322,3
62.000000,0.597458,1.082802,-0.167322,3
62.500000,0.589076,1.091423,-0.167322,3
63.000000,0.580569,1.099925,-0.167322,3
63.500000,0.571939,1.108304,-0.167322,3
64.000000,0.563188,1.116559,-0.167322,3
64.500000,0.554317,1.124686,-0.167322,3
65.000000,0.545328,1.132683,-0.167322,3
65.500000,0.536223,1.140547,-0.167322,3
66.000000,0.527004,1.148276,-0.167322,3
66.500000,0.517672,1.155866,-0.167322,3
67.000000,0.508231,1.163316,-0.167322,3
67.500000,0.498681,1.170622,-0.167322,3
68.000000,0.489026,1.177783,-0.167322,3
68.500000,0.479267,1.184796,-0.167322,3
69.000000,0.469406,1.191659,-0.167322,3
69.500000,0.459446,1.198369,-0.167322,3
70.000000,0.449390,1.204925,-0.167322,3
70.500000,0.439239,1.211323,-0.167322,3
71.000000,0.428996,1.217563,-0.167322,3
71.500000,0.418663,1.223641,-0.167322,3
72.000000,0.408244,1.229555,-0.167322,3
72.500000,0.397741,1.235304,-0.167322,3
73.000000,0.387155,1.240886,-0.167322,3
73.500000,0.376491,1.246299,-0.167322,3
74.000000,0.365751,1.251540,-0.167322,3
74.500000,0.354938,1.256609,-0.167322,3
75.000000,0.344053,1.261502,-0.167322,3
75.500000,0.333101,1.266220,-0.167322,3
76.000000,0.322085,1.270759,-0.167322,3
76.500000,0.311006,1.275118,-0.167322,3
77.000000,0.299868,1.279297,-0.167322,3
77.500000,0.288675,1.283292,-0.167322,3
78.000000,0.277428,1.287104,-0.167322,3
78.500000,0.266132,1.290730,-0.167322,3
79.000000,0.254788,1.294169,-0.167322,3
79.500000,0.243402,1.297420,-0.167322,3
80.000000,0.231974,1.300481,-0.167322,3
80.500000,0.220510,1.303352,-0.167322,3
81.000000,0.209011,1.306032,-0.167322,3
81.500000,0.197482,1.308519,-0.167322,3
82.000000,0.185925,1.310812,-0.167322,3
82.500000,0.174343,1.312910,-0.167322,3
83.000000,0.162741,1.314814,-0.167322,3
83.500000,0.151121,1.316521,-0.167322,3
84.000000,0.139487,1.318031,-0.167322,3
84.500000,0.127841,1.319343,-0.167322,3
85.000000,0.116189,1.320457,-0.167322,3
85.500000,0.104532,1.321373,-0.167322,3
86.000000,0.092874,1.322089,-0.167322,3
86.500000,0.081219,1.322605,-0.167322,3
87.000000,0.069570,1.322921,-0.167322,3
87.500000,0.057931,1.323036,-0.167322,3
88.000000,0.046305,1.322951,-0.167322,3
88.500000,0.034695,1.322665,-0.167322,3
89.000000,0.023105,1.322178,-0.167322,3
89.500000,0.011539,1.321490,-0.167322,3
90.000000,0.000000,1.320600,-0.167322,3
90.500000,-0.008067,1.321490,-0.167322,3
91.000000,-0.016131,1.322178,-0.167322,3
91.500000,-0.024190,1.322665,-0.167322,3
92.000000,-0.032242,1.322951,-0.167322,3
92.500000,-0.040284,1.323036,-0.167322,3
93.000000,-0.048314,1.322921,-0.167322,3
93.500000,-0.056329,1.322605,-0.167322,3
94.000000,-0.064327,1.322089,-0.167322,3
94.500000,-0.072306,1.321373,-0.167322,3
95.000000,-0.080262,1.320457,-0.167322,3
95.500000,-0.088194,1.319343,-0.167322,3
96.000000,-0.096099,1.318031,-0.167322,3
96.500000,-0.103975,1.316521,-0.167322,3
97.000000,-0.111819,1.314814,-0.167322,3
97.500000,-0.119629,1.312910,-0.167322,3
98.000000,-0.127402,1.310812,-0.167322,3
98.500000,-0.135137,1.308519,-0.167322,3
99.000000,-0.142831,1.306032,-0.167322,3
99.500000,-0.150481,1.303352,-0.167322,3
100.000000,-0.158085,1.300481,-0.167322,3
100.500000,-0.165641,1.297420,-0.167322,3
101.000000,-0.173147,1.294169,-0.167322,3
101.500000,-0.180600,1.290730,-0.167322,3
102.000000,-0.187998,1.287104,-0.167322,3
102.500000,-0.195338,1.283292,-0.167322,3
103.000000,-0.202620,1.279297,-0.167322,3
103.500000,-0.209839,1.275118,-0.167322,3
104.000000,-0.216994,1.270759,-0.167322,3
104.500000,-0.224084,1.266220,-0.167322,3
105.000000,-0.231105,1.261502,-0.167322,3
105.500000,-0.238056,1.256609,-0.167322,3
106.000000,-0.244934,1.251540,-0.167322,3
106.500000,-0.251738,1.246299,-0.167322,3
107.000000,-0.258465,1.240886,-0.167322,3
107.500000,-0.265113,1.235304,-0.167322,3
108.000000,-0.271680,1.229555,-0.167322,3
108.500000,-0.278165,1.223641,-0.167322,3
109.000000,-0.284565,1.217563,-0.167322,3
109.500000,-0.290878,1.211323,-0.167322,3
110.000000,-0.297103,1.204925,-0.167322,3
110.500000,-0.303237,1.198369,-0.167322,3
111.000000,-0.309279,1.191659,-0.167322,3
111.500000,-0.315226,1.184796,-0.167322,3
112.000000,-0.321078,1.177783,-0.167322,3
112.500000,-0.326832,1.170622,-0.167322,3
113.000000,-0.332486,1.163316,-0.167322,3
113.500000,-0.338039,1.155866,-0.167322,3
114.000000,-0.343489,1.148276,-0.167322,3
114.500000,-0.348834,1.140547,-0.167322,3
115.000000,-0.354073,1.132683,-0.167322,3
115.500000,-0.359205,1.124686,-0.167322,3
116.000000,-0.364226,1.116559,-0.167322,3
116.500000,-0.369137,1.108304,-0.167322,3
117.000000,-0.373936,1.099925,-0.167322,3
117.500000,-0.378620,1.091423,-0.167322,3
118.000000,-0.383189,1.082802,-0.167322,3
118.500000,-0.387642,1.074064,-0.167322,3
119.000000,-0.391976,1.065212,-0.167322,3
119.500000,-0.396191,1.056250,-0.167322,3
120.000000,-0.400286,1.047180,-0.167322,3
120.500000,-0.404258,1.038005,-0.167322,3
121.000000,-0.408107,1.028729,-0.167322,3
121.500000,-0.411832,1.019353,-0.167322,3
122.000000,-0.415432,1.009881,-0.167322,3
122.500000,-0.418905,1.000317,-0.167322,3
123.000000,-0.422250,0.990663,-0.167322,3
123.500000,-0.425467,0.980923,-0.167322,3
124.000000,-0.428554,0.971099,-0.167322,3
124.500000,-0.431510,0.961195,-0.167322,3
125.000000,-0.434335,0.951214,-0.167322,3
125.500000,-0.437028,0.941160,-0.167322,3
126.000000,-0.439588,0.931034,-0.167322,3
126.500000,-0.442014,0.920842,-0.167322,3
127.000000,-0.444305,0.910586,-0.167322,3
127.500000,-0.446461,0.900269,-0.167322,3
128.000000,-0.448480,0.889894,-0.167322,3
128.500000,-0.450364,0.879466,-0.167322,3
129.000000,-0.452110,0.868987,-0.167322,3
129.500000,-0.453718,0.858461,-0.167322,3
130.000000,-0.455188,0.847891,-0.167322,3
130.500000,-0.456519,0.837280,-0.167322,3
131.000000,-0.457712,0.826633,-0.167322,3
131.500000,-0.458765,0.815952,-0.167322,3
132.000000,-0.459678,0.805240,-0.167322,3
132.500000,-0.460451,0.794502,-0.167322,3
133.000000,-0.461084,0.783740,-0.167322,3
133.500000,-0.461577,0.772959,-0.167322,3
134.000000,-0.461928,0.762160,-0.167322,3
134.500000,-0.462140,0.751349,-0.167322,3
135.000000,-0.462210,0.740529,-0.167322,3
135.500000,-0.462140,0.729702,-0.167322,3
136.000000,-0.461928,0.718873,-0.167322,3
136.500000,-0.461577,0.708044,-0.167322,3
137.000000,-0.461084,0.697220,-0.167322,3
137.500000,-0.460451,0.686403,-0.167322,3
138.000000,-0.459678,0.675598,-0.167322,3
138.500000,-0.458765,0.664807,-0.167322,3
139.000000,-0.457712,0.654034,-0.167322,3
139.500000,-0.456519,0.643282,-0.167322,3
140.000000,-0.455188,0.632556,-0.167322,3
140.500000,-0.453718,0.621858,-0.167322,3
141.000000,-0.452110,0.611191,-0.167322,3
141.500000,-0.450364,0.600560,-0.167322,3
142.000000,-0.448480,0.589967,-0.167322,3
142.500000,-0.446461,0.579416,-0.167322,3
143.000000,-0.444305,0.568910,-0.167322,3
143.500000,-0.442014,0.558453,-0.167322,3
144.000000,-0.439588,0.548048,-0.167322,3
144.500000,-0.437028,0.537697,-0.167322,3
145.000000,-0.434335,0.527406,-0.167322,3
145.500000,-0.431510,0.517175,-0.167322,3
146.000000,-0.428554,0.507010,-0.167322,3
146.500000,-0.425467,0.496913,-0.167322,3
147.000000,-0.422250,0.486888,-0.167322,3
147.500000,-0.418905,0.476937,-0.167322,3
148.000000,-0.415432,0.467064,-0.167322,3
148.500000,-0.411832,0.457271,-0.167322,3
149.000000,-0.408107,0.447563,-0.167322,3
149.500000,-0.404258,0.437941,-0.167322,3
150.000000,-0.400286,0.428410,-0.167322,3
150.500000,-0.396191,0.418971,-0.167322,3
151.000000,-0.391976,0.409629,-0.167322,3
151.500000,-0.387642,0.400386,-0.167322,3
152.000000,-0.383189,0.391245,-0.167322,3
152.500000,-0.378620,0.382208,-0.167322,3
153.000000,-0.373936,0.373280,-0.167322,3
153.500000,-0.369137,0.364461,-0.167322,3
154.000000,-0.364226,0.355756,-0.167322,3
154.500000,-0.359205,0.347168,-0.167322,3
155.000000,-0.354073,0.338698,-0.167322,3
155.500000,-0.348834,0.330349,-0.167322,3
156.000000,-0.343489,0.322124,-0.167322,3
156.500000,-0.338039,0.314027,-0.167322,3
157.000000,-0.332486,0.306058,-0.167322,3
157.500000,-0.326832,0.298221,-0.167322,3
158.000000,-0.321078,0.290519,-0.167322,3
158.500000,-0.315226,0.282953,-0.167322,3
159.000000,-0.309279,0.275526,-0.167322,3
159.500000,-0.303237,0.268241,-0.167322,3
160.000000,-0.297103,0.261099,-0.167322,3
160.500000,-0.290878,0.254103,-0.167322,3
161.000000,-0.284565,0.247256,-0.167322,3
161.500000,-0.278165,0.240558,-0.167322,3
162.000000,-0.271680,0.234014,-0.167322,3
162.500000,-0.265113,0.227623,-0.167322,3
163.000000,-0.258465,0.221389,-0.167322,3
163.500000,-0.251738,0.215314,-0.167322,3
164.000000,-0.244934,0.209399,-0.167322,3
164.500000,-0.238056,0.203647,-0.167322,3
165.000000,-0.231105,0.198058,-0.167322,3
165.500000,-0.224084,0.192635,-0.167322,3
166.000000,-0.216994,0.187380,-0.167322,3
166.500000,-0.209839,0.182294,-0.167322,3
167.000000,-0.202620,0.177379,-0.167322,3
167.500000,-0.195338,0.172636,-0.167322,3
168.000000,-0.187998,0.168067,-0.167322,3
168.500000,-0.180600,0.163673,-0.167322,3
169.000000,-0.173147,0.159457,-0.167322,3
169.500000,-0.165641,0.155418,-0.167322,3
170.000000,-0.158085,0.151558,-0.167322,3
170.500000,-0.150481,0.147879,-0.167322,3
171.000000,-0.142831,0.144381,-0.167322,3
171.500000,-0.135137,0.141066,-0.167322,3
172.000000,-0.127402,0.137935,-0.167322,3
172.500000,-0.119629,0.134989,-0.167322,3
173.000000,-0.111819,0.132229,-0.167322,3
173.500000,-0.103975,0.129655,-0.167322,3
174.000000,-0.096099,0.127268,-0.167322,3
174.500000,-0.088194,0.125070,-0.167322,3
175.000000,-0.080262,0.123060,-0.167322,3
175.500000,-0.072306,0.121240,-0.167322,3
176.000000,-0.064327,0.119610,-0.167322,3
176.500000,-0.056329,0.118171,-0.167322,3
177.000000,-0.048314,0.116922,-0.167322,3
177.500000,-0.040284,0.115865,-0.167322,3
178.000000,-0.032242,0.115000,-0.167322,3
178.500000,-0.024190,0.114327,-0.167322,3
179.000000,-0.016131,0.113846,-0.167322,3
179.500000,-0.008067,0.113557,-0.167322,3
180.000000,-0.000000,0.020000,-0.167322,3
