tsr,r_m,alpha_deg,a
2.0,1.2575,37.29853983092449,0.03877779157561921
2.0,1.343,37.97671261939072,0.037133534545404245
2.0,1.51,39.23964968824155,0.03505285698813254
2.0,1.648,39.580550388750034,0.03407489546757967
2.0,1.952,39.24259984823818,0.03331290989572739
2.0,2.257,38.01327873544884,0.03373891093727042
2.0,2.343,37.58047808782132,0.03396023534118361
2.0,2.562,36.395811970910266,0.034768958159145755
2.0,2.867,34.609169886451916,0.03626970483880157
2.0,3.172,32.74620402834112,0.03822211782080454
2.0,3.185,32.66785725472592,0.03834008149021816
2.0,3.476,30.90314516829141,0.04072658364170441
2.0,3.781,29.143851562867145,0.04421379255936856
2.0,4.023,27.852577132481795,0.04793251584941804
2.0,4.086,27.529207356717,0.04919505912275404
2.0,4.391,26.01308344546586,0.057608461714564824
2.0,4.696,24.387189986513967,0.0767061279185238
2.0,4.78,23.810181153382455,0.08804746399960389
2.0,5.0,18.42678125039146,0.2727782083600572
4.0,1.2575,18.153208076326294,0.0810829083365774
4.0,1.343,18.46570674819392,0.08018713799929288
4.0,1.51,19.23895823103411,0.08019500084836334
4.0,1.648,19.36589149400327,0.08130700607832893
4.0,1.952,19.014923725584648,0.08554484173856003
4.0,2.257,18.196741396369934,0.09103488027613045
4.0,2.343,17.88506995121001,0.09386959547252972
4.0,2.562,16.929193999578505,0.10619892796278133
4.0,2.867,15.817356801837672,0.11653980637223008
4.0,3.172,14.823152834420505,0.12174568981161712
4.0,3.185,14.782550551349997,0.12199637912571133
4.0,3.476,13.884107108775193,0.12546776083895475
4.0,3.781,12.988133403398944,0.13109364078241353
4.0,4.023,12.334246530210255,0.13799978015964132
4.0,4.086,12.165995499600289,0.1406652728561785
4.0,4.391,11.342014047942724,0.15969352552852967
4.0,4.696,10.226030475467386,0.20767481877494895
4.0,4.78,9.656010552387981,0.24080506902448337
4.0,5.0,5.844778121568369,0.5007742209378416
6.0,1.2575,6.535238255157277,0.11512905194843073
6.0,1.343,6.803257112233572,0.12170034986325537
6.0,1.51,7.57351058362837,0.13823833450719375
6.0,1.648,8.242442656656364,0.13726966682623826
6.0,1.952,8.573131213595166,0.15601491233215772
6.0,2.257,8.554081240891199,0.17068472247069896
6.0,2.343,8.526088615632165,0.17348008867655973
6.0,2.562,8.377850124694076,0.18188416698900445
6.0,2.867,8.049738177558066,0.19351804399348224
6.0,3.172,7.384674948871956,0.22021063421303833
6.0,3.185,7.369895613095175,0.22054973453283883
6.0,3.476,7.0295986703716915,0.22357462808739229
6.0,3.781,6.670704828356673,0.2275815329287077
6.0,4.023,6.409863401463972,0.23309629302639565
6.0,4.086,6.342667234282108,0.23537134963712095
6.0,4.391,5.993254274046444,0.2535563527897352
6.0,4.696,5.3569054858386576,0.3088911850885014
6.0,4.78,5.079679107738035,0.3366913351115407
6.0,5.0,3.188968621355822,0.5391981228280799
8.0,1.2575,1.6647909231465767,0.06897954247433616
8.0,1.343,1.9980794776096724,0.07925589939873921
8.0,1.51,2.8478547944529025,0.10792432417592364
8.0,1.648,3.277540768073039,0.12812040947474057
8.0,1.952,3.9093367319375485,0.1657076468499264
8.0,2.257,4.209000086011193,0.19603354096541703
8.0,2.343,4.256034962199559,0.20331923686480355
8.0,2.562,4.331769137242977,0.22038215807380518
8.0,2.867,4.343400410844623,0.23867978329529274
8.0,3.172,4.265525942857687,0.2503029991187543
8.0,3.185,4.26066964252278,0.25088004607282927
8.0,3.476,4.134959995931242,0.2569145273647226
8.0,3.781,3.982277652263084,0.2631025248592224
8.0,4.023,3.8668726481177917,0.27093724893715326
8.0,4.086,3.834446168633816,0.27415400703268966
8.0,4.391,3.651565685973896,0.29788052095065465
8.0,4.696,3.2837673305846544,0.3549080499848709
8.0,4.78,3.079618426074036,0.3865697192551966
8.0,5.0,1.8937094874519202,0.568737441706319
10.0,1.2575,-1.4433543968887201,0.013131060734876654
10.0,1.343,-0.9490293166406534,0.0228613580623955
10.0,1.51,0.10552156256101844,0.057519366412761785
10.0,1.648,0.6600046209504313,0.08420760009612563
10.0,1.952,1.5189074211548403,0.13635730094235016
10.0,2.257,1.9900125325439306,0.18176866292401975
10.0,2.343,2.0769923616634167,0.19331733677409207
10.0,2.562,2.245846576321036,0.22096167738709066
10.0,2.867,2.374452910223407,0.2522695963580438
10.0,3.172,2.4092790350235376,0.2737921140258657
10.0,3.185,2.409300234590576,0.274758024525528
10.0,3.476,2.391394741491722,0.2869656185761038
10.0,3.781,2.3535645237769427,0.29722065840573847
10.0,4.023,2.332504162759787,0.30693578101507973
10.0,4.086,2.325435693838888,0.3105713766423451
10.0,4.391,2.274442989119763,0.33543428848179374
10.0,4.696,2.0645795077853997,0.3948195121479287
10.0,4.78,1.9201030829326422,0.4277620448961472
10.0,5.0,1.1226650957145266,0.595871718039432
12.0,1.2575,-3.7768701924886896,-0.037110552476479375
12.0,1.343,-3.1255636895361723,-0.02873978122465391
12.0,1.51,-1.780284314063981,0.004858893223513996
12.0,1.648,-1.0368679808269279,0.03162602855401973
12.0,1.952,0.034691428843516815,0.09399475148898431
12.0,2.257,0.6260396029289884,0.15340880535717574
12.0,2.343,0.7435754326783266,0.16861374081075195
12.0,2.562,0.9808592504364207,0.20548790729558009
12.0,2.867,1.1975109559523456,0.24744605226168412
12.0,3.172,1.2995111752491886,0.27854623707299814
12.0,3.185,1.302208996778852,0.2799217063335702
12.0,3.476,1.3366274459522989,0.29986760235794535
12.0,3.781,1.350165312070412,0.31703452034205487
12.0,4.023,1.370330691972643,0.3315928460658502
12.0,4.086,1.3746083232317308,0.3364728012093789
12.0,4.391,1.3843392855341639,0.3669164836423048
12.0,4.696,1.2624246291888457,0.43184469721723545
12.0,4.78,1.1737396334670414,0.4628941836864822
12.0,5.0,0.6283247952071568,0.6183735935830699
