tsr,Ct,Cp
1.0,0.04164195548796109,0.027010999007421
1.2,0.05094644499668137,0.03334873722067604
1.4,0.0614079656046632,0.04001336633958675
1.6,0.07307314922566549,0.04692964934095922
1.8,0.0859734294410166,0.05399859697553815
2.0,0.10012940110972846,0.06110229865401283
2.2,0.11607096384787546,0.06909590087535182
2.4,0.1324975734582041,0.07619533960157635
2.6,0.15069845641854243,0.08391672198929925
2.8,0.17216714404617212,0.09556717503913638
3.0,0.19541423621314888,0.10974752122608986
3.2,0.21978222532930264,0.12658251903248835
3.4,0.24460199836575214,0.14321846541169117
3.6,0.2686737477581701,0.15980581367654068
3.8,0.2927589001213805,0.17670945205731667
4.0,0.31726822817713085,0.19419358441084233
4.2,0.34448812103505794,0.21584181159606106
4.4,0.3674341223008751,0.2325795215466344
4.6,0.39042627984471373,0.24721028207375081
4.8,0.4122304322715862,0.2593161135137142
5.0,0.43159798045757614,0.2685127652887927
5.2,0.45425043522817915,0.27915267577506225
5.4,0.4774227634596477,0.28935127674620464
5.6,0.4996667391391657,0.2972473571634985
5.8,0.5195285970561186,0.3015922799139275
6.0,0.5318382313262989,0.298104114959276
6.2,0.5529146705342769,0.30173686973323227
6.4,0.5634530663111472,0.2960658686790067
6.6,0.5709736220194561,0.2878777129797266
6.8,0.5774715037128726,0.27870863658212075
7.0,0.5843915988275562,0.26948605538273
7.2,0.5907583935221191,0.25948938399839416
7.4,0.5956086130090611,0.2478195847102024
7.6,0.6012871199608133,0.2361997722916053
7.8,0.6073098399831593,0.22420550145263532
8.0,0.6133908640052342,0.21154588988212605
8.2,0.6196838427345867,0.19834471327235406
8.4,0.6256302404373066,0.1841289933723148
8.6,0.6304582182261027,0.1681996063173997
8.8,0.6334840378780828,0.15008418395329065
9.0,0.6360804389792029,0.13070999569158634
9.2,0.6392300870389537,0.11059953783882032
9.4,0.6432549341421319,0.08994514876687536
9.6,0.6470598025685173,0.06814289838217143
9.8,0.6498160745968493,0.044628166367071676
10.0,0.6511640244552606,0.019068325155415653
10.2,0.6523377930509147,-0.007695402057733021
10.4,0.6534054772769917,-0.03552593730070605
10.6,0.654180641879036,-0.06449623635390886
10.8,0.6551255541584831,-0.09412821657975362
11.0,0.656069175805372,-0.1248686684794812
11.2,0.6570440454568238,-0.15691843718287676
11.4,0.6577774132226112,-0.19038327203109232
11.6,0.6582717522832627,-0.225483873874992
11.8,0.6586913271222415,-0.26289860320045644
12.0,0.6592077854490982,-0.3021870347342678
