alpha,cl,cd,cm
-8.000000,-0.428900,0.101030,-0.033200
-7.500000,-0.406800,0.093700,-0.026700
-7.000000,-0.426000,0.090290,-0.021700
-6.500000,-0.477100,0.083790,-0.032500
-6.000000,-0.464700,0.079630,-0.022300
-5.500000,-0.409800,0.070230,-0.035800
-5.000000,-0.339400,0.059830,-0.053800
-4.500000,-0.270600,0.052110,-0.062600
-4.000000,-0.169000,0.029040,-0.080400
-3.500000,-0.089200,0.026840,-0.085300
-3.000000,-0.011200,0.025160,-0.089800
-2.500000,0.066300,0.023830,-0.093800
-2.000000,0.142900,0.022610,-0.097700
-1.500000,0.219400,0.021080,-0.101300
-1.000000,0.308100,0.018350,-0.104400
-0.500000,0.371800,0.018180,-0.105300
0.000000,0.438100,0.017890,-0.106400
0.500000,0.502900,0.017600,-0.107100
1.000000,0.566300,0.017380,-0.107500
1.500000,0.617300,0.017680,-0.106200
2.000000,0.674400,0.017820,-0.105800
2.500000,0.731800,0.018010,-0.105400
3.000000,0.784600,0.018490,-0.104500
3.500000,0.835500,0.019080,-0.103400
4.000000,0.888200,0.019640,-0.102600
4.500000,0.941500,0.020200,-0.101800
5.000000,0.995300,0.020770,-0.101100
5.500000,1.044700,0.021520,-0.099700
6.000000,1.092600,0.022280,-0.098100
6.500000,1.145200,0.022730,-0.097000
7.000000,1.191200,0.023270,-0.094800
7.500000,1.239500,0.023470,-0.092700
8.000000,1.283700,0.023700,-0.089900
8.500000,1.321100,0.024030,-0.086200
9.000000,1.351700,0.024410,-0.081500
9.500000,1.371300,0.025090,-0.075200
10.000000,1.373300,0.026600,-0.066700
10.500000,1.357700,0.029830,-0.057300
11.000000,1.340000,0.034470,-0.049800
11.500000,1.331900,0.039330,-0.044400
12.000000,1.336500,0.043710,-0.040400
12.500000,1.355100,0.047570,-0.037300
13.000000,1.385900,0.051220,-0.034800
13.500000,1.400300,0.055560,-0.032100
14.000000,1.425900,0.060310,-0.030000
14.500000,1.435200,0.065590,-0.027800
15.000000,1.446000,0.072250,-0.026000
15.500000,1.412200,0.080800,-0.024700
16.000000,1.370700,0.091220,-0.025700
16.500000,1.319400,0.104280,-0.029700
17.000000,1.258300,0.121190,-0.038100
17.500000,1.194200,0.142230,-0.050700
18.000000,1.025400,0.223340,-0.099800
