re,ncrit,n_converged,cl_rmse,cl_n,cd_rmse,cd_n,cl_max_xfoil,cd_min_xfoil
100000,5.0,52,0.18863999119629557,52,0.01849481825938011,16,1.5281,0.01757
100000,7.0,43,0.17415532667147343,42,0.010953048294181247,15,1.6017,0.01936
100000,9.0,39,0.15777159781809588,40,0.006942906554380315,14,1.6728,0.0205
100000,11.0,49,0.18845264736094394,52,0.010246818528084706,16,1.7371,0.02158
100000,13.0,47,0.26354013807068805,52,0.015156895408175615,16,1.7402,0.0229
150000,5.0,48,0.1612429659329968,46,0.01299799648461707,17,1.5684,0.01254
150000,7.0,0,None,0,None,0,None,None
150000,9.0,42,0.16176232599372453,40,0.0033437748066120323,15,1.655,0.01531
150000,11.0,34,0.09817244150937557,34,0.0015528302519685058,14,1.7172,0.01619
150000,13.0,30,0.16437984270299844,32,0.0066424944481028305,13,1.7383,0.01708
200000,5.0,49,0.12768282712555948,49,0.0135886962722311,19,1.6061,0.01046
200000,7.0,46,0.1114112889963231,45,0.005366987351909407,18,1.6034,0.01127
200000,9.0,43,0.11453219584534104,45,0.0018723388926390671,18,1.6536,0.0125
200000,11.0,35,0.13186071293514512,34,0.0013680554481940172,15,1.6816,0.01329
200000,13.0,0,None,0,None,0,None,None
300000,5.0,0,None,0,None,0,None,None
300000,7.0,47,0.09368807573123818,45,0.0031358773427685098,18,1.6492,0.00862
300000,9.0,45,0.09777409320540659,43,0.0019375220706143313,17,1.6456,0.00908
300000,11.0,42,0.10944919037434676,40,0.0016234570728848965,16,1.6846,0.01
300000,13.0,34,0.04102878046719157,32,0.0020689940518683627,15,1.6933,0.01071
400000,5.0,50,0.037346825657529156,49,0.01322185096382022,19,1.7103,0.00767
400000,7.0,47,0.017698710539345967,45,0.0024339834815041974,17,1.6949,0.00751
400000,9.0,46,0.015649919320152198,44,0.002040504155695783,17,1.6773,0.00758
400000,11.0,43,0.019307354784653653,41,0.0018247260126751444,15,1.673,0.00611
400000,13.0,33,0.026945463447605626,32,0.0015929511417491747,14,1.6629,0.00869
500000,5.0,53,0.03979225313110581,48,0.01590403662887607,19,1.7457,0.00726
500000,7.0,49,0.03160537972534635,48,0.009832095419005099,19,1.7324,0.00697
500000,9.0,46,0.018981679557356936,44,0.0028626354250009876,17,1.7139,0.00688
500000,11.0,44,0.013826436823639524,42,0.002825866392365358,16,1.6944,0.00697
500000,13.0,38,0.10154848508543202,38,0.002792419497752543,14,1.6899,0.00732
