r_m,phi_deg,alpha_deg,a,a_prime,Cl,Cd,Cn,Ct_tangential,F,reynolds
1.2575,32.062312079886546,9.022312079886552,0.11452570758487367,0.04906588369346017,0.864151285381181,0.03114301682585183,0.7488753942684218,0.43233433287477707,0.9583029931290156,577131.6073147241
1.343,30.56419166387711,9.490191663877109,0.11403731966719476,0.04244574090964333,0.8500952707093701,0.035451921600925626,0.7500104523786253,0.40175008319905203,0.972061103456866,595368.4528383166
1.51,27.750964018505424,10.458964018505423,0.11952099420330663,0.03421178992091053,0.8528918851387184,0.043192600922553254,0.7749038379938569,0.35890696617970824,0.9865624960910768,631136.705559362
1.648,25.679367067970432,10.770367067970431,0.12565928403785812,0.029702530460938043,0.8597506136467712,0.04539380782837377,0.7945064417626454,0.33164925667460643,0.9908378377587812,660110.3799732389
1.952,21.93361092296112,10.954610922961118,0.13865149744103736,0.022620689735787628,0.8643428005345408,0.046672556441081196,0.8192130214036508,0.2795654304869263,0.9903303642142304,720582.1888776995
2.257,19.045708724988337,10.737708724988336,0.1501640422645716,0.017845359408686604,0.8589657935958026,0.04516709774060249,0.8266837916577451,0.23760515544985528,0.9852140903673232,776768.0979278098
2.343,18.35541717471685,10.640417174716852,0.15299856319233796,0.01676544862890546,0.8567045656072146,0.04448802314362283,0.8271263323766296,0.22756082093510563,0.9832850995799784,790762.0663947985
2.562,16.779150024562526,10.354150024562527,0.16022818138254172,0.014470459427419048,0.8509691906852488,0.04242333098323724,0.8269857598769866,0.20504354529685534,0.9773343444308703,824934.6789549881
2.867,14.94761769677387,9.864617696773868,0.16990987837366692,0.012069404745058781,0.8440335708771629,0.03887061127439983,0.8254993259238919,0.18015120340341967,0.9657712528307589,865444.6293642386
3.172,13.306988834413316,9.156988834413315,0.18727159437144536,0.010930033636590961,0.86724318666462,0.03158925113709924,0.8512292535120172,0.1688709080007018,0.9499162170090618,897823.1394501565
3.185,13.244179648131317,9.129179648131318,0.1879769107304201,0.01087611485350135,0.8674410609200529,0.03140769802838714,0.8515648800848098,0.1681597236905817,0.9490862819858354,899550.4946097
3.476,12.217452973881754,8.723452973881754,0.18647730153410227,0.008679679367144394,0.819455846116166,0.034082450241166386,0.8081089954351176,0.14010477738195817,0.9227205851967691,921498.8191372941
3.781,11.303979049845882,8.318979049845883,0.18456950375780784,0.006837684189398065,0.7629328627701044,0.036881170278880084,0.7553619996925757,0.11337999486752513,0.8811246809896726,938699.6287633537
4.023,10.26322558284016,7.64422558284016,0.21390378020250722,0.00706803749374481,0.8120729293464817,0.030573661846603352,0.8045267653202584,0.11460312063555794,0.8419407702262903,943798.6244954042
4.086,10.006382166264881,7.48138216626488,0.22199628432011376,0.007062006018900743,0.8206876345202887,0.029762219645708517,0.8133750860140924,0.11329144991707982,0.8292894832564456,945253.8841414481
4.391,9.091189195720379,7.011189195720378,0.2424305611403027,0.0061649281406268705,0.780524179633687,0.03091140755620588,0.7756035203787105,0.09280457578210911,0.73892856467714,942839.7842008384
4.696,7.961051341520014,6.313051341520016,0.29242167034057936,0.0054618669651087986,0.7130115208000669,0.032272317431524714,0.710609547530693,0.06679073456886836,0.5908928358964974,931365.7528168064
4.78,7.516603520611373,5.985603520611373,0.320626890501138,0.0052043547081882325,0.6779979619430447,0.0327308491131459,0.6764535588364413,0.056241689342544,0.5312861829133324,927914.2934373447
5.0,5.010656781762972,3.7856567817629716,0.5287515018910662,0.0031671237595185878,0.482605269141557,0.031208673416461465,0.48348677640893073,0.011061832457176332,0.22944734333339983,910585.6033474029
